{
  "test_statistic": 136.33871298930993,
  "p_value": 1.682387751406358e-31
}